{
  "texture_data": {
    "stone": {
      "textures": [
        "textures/blocks/stone",
        "textures/blocks/stone_granite",
        "textures/blocks/stone_granite_smooth",
        "textures/blocks/stone_diorite",
        "textures/blocks/stone_diorite_smooth",
        "textures/blocks/stone_andesite",
        "textures/blocks/stone_andesite_smooth"
      ]
    },
    "stonebrick": {
      "textures": [
        "textures/blocks/stonebrick",
        "textures/blocks/stonebrick_mossy",
        "textures/blocks/stonebrick_cracked",
        "textures/blocks/stonebrick_carved"
      ]
    },
    "sandstone_top": {
      "textures": [
        "textures/blocks/sandstone_top",
        "textures/blocks/sandstone_top",
        "textures/blocks/sandstone_top",
        "textures/blocks/sandstone_top"
      ]
    },
    "sandstone_bottom": {
      "textures": [
        "textures/blocks/sandstone_bottom",
        "textures/blocks/sandstone_top", // This isn't a bug
        "textures/blocks/sandstone_top", // This isn't a bug
        "textures/blocks/sandstone_top"
      ]
    },
    "sandstone_side": {
      "textures": [
        "textures/blocks/sandstone_normal",
        "textures/blocks/sandstone_carved",
        "textures/blocks/sandstone_smooth",
        "textures/blocks/sandstone_top"
      ]
    },
    "planks": {
      "textures": [
        "textures/blocks/planks_oak",
        "textures/blocks/planks_spruce",
        "textures/blocks/planks_birch",
        "textures/blocks/planks_jungle",
        "textures/blocks/planks_acacia",
        "textures/blocks/planks_big_oak"
      ]
    },
    "brick": {
      "textures": "textures/blocks/brick"
    },
    "furnace": {
      "textures": [
        "textures/blocks/furnace_front_off",
        "textures/blocks/furnace_front_on",
        "textures/blocks/furnace_side",
        "textures/blocks/furnace_top"
      ]
    },
    "furnace_front": {
      "textures": [
        "textures/blocks/furnace_front_off",
        "textures/blocks/furnace_front_on"
      ]
    },
    "furnace_front_off": {
      "textures": "textures/blocks/furnace_front_off"
    },
    "furnace_front_on": {
      "textures": "textures/blocks/furnace_front_on"
    },
    "furnace_top": {
      "textures": [
        "textures/blocks/furnace_top",
        "textures/blocks/furnace_top"
      ]
    },
    "furnace_side": {
      "textures": [
        "textures/blocks/furnace_side",
        "textures/blocks/furnace_side"
      ]
    },
    "stonecutter_top": {
      "textures": "textures/blocks/stonecutter_top"
    },
    "stonecutter_bottom": {
      "textures": "textures/blocks/stonecutter_bottom"
    },
    "stonecutter_side": {
      "textures": "textures/blocks/stonecutter_side"
    },
    "stonecutter_other_side": {
      "textures": "textures/blocks/stonecutter_other_side"
    },
    "stonecutter2_top": {
      "textures": "textures/blocks/stonecutter2_top"
    },
    "stonecutter2_bottom": {
      "textures": "textures/blocks/stonecutter2_bottom"
    },
    "stonecutter2_side": {
      "textures": "textures/blocks/stonecutter2_side"
    },
    "stonecutter2_saw": {
      "textures": "textures/blocks/stonecutter2_saw"
    },
    "door_lower": {
      "textures": [
        "textures/blocks/door_wood_lower",
        "textures/blocks/door_spruce_lower",
        "textures/blocks/door_birch_lower",
        "textures/blocks/door_jungle_lower",
        "textures/blocks/door_acacia_lower",
        "textures/blocks/door_dark_oak_lower",
        "textures/blocks/door_iron_lower"
      ]
    },
    "door_upper": {
      "textures": [
        "textures/blocks/door_wood_upper",
        "textures/blocks/door_spruce_upper",
        "textures/blocks/door_birch_upper",
        "textures/blocks/door_jungle_upper",
        "textures/blocks/door_acacia_upper",
        "textures/blocks/door_dark_oak_upper",
        "textures/blocks/door_iron_upper"
      ]
    },
    "wool": {
      "textures": [
        "textures/blocks/wool_colored_white",
        "textures/blocks/wool_colored_orange",
        "textures/blocks/wool_colored_magenta",
        "textures/blocks/wool_colored_light_blue",
        "textures/blocks/wool_colored_yellow",
        "textures/blocks/wool_colored_lime",
        "textures/blocks/wool_colored_pink",
        "textures/blocks/wool_colored_gray",
        "textures/blocks/wool_colored_silver",
        "textures/blocks/wool_colored_cyan",
        "textures/blocks/wool_colored_purple",
        "textures/blocks/wool_colored_blue",
        "textures/blocks/wool_colored_brown",
        "textures/blocks/wool_colored_green",
        "textures/blocks/wool_colored_red",
        "textures/blocks/wool_colored_black"
      ]
    }
  }
}
